Province_State,Party,1/22/20,1/23/20,1/24/20,1/25/20,1/26/20,1/27/20,1/28/20,1/29/20,1/30/20,1/31/20,2/1/20,2/2/20,2/3/20,2/4/20,2/5/20,2/6/20,2/7/20,2/8/20,2/9/20,2/10/20,2/11/20,2/12/20,2/13/20,2/14/20,2/15/20,2/16/20,2/17/20,2/18/20,2/19/20,2/20/20,2/21/20,2/22/20,2/23/20,2/24/20,2/25/20,2/26/20,2/27/20,2/28/20,2/29/20,3/1/20,3/2/20,3/3/20,3/4/20,3/5/20,3/6/20,3/7/20,3/8/20,3/9/20,3/10/20,3/11/20,3/12/20,3/13/20,3/14/20,3/15/20,3/16/20,3/17/20,3/18/20,3/19/20,3/20/20,3/21/20,3/22/20,3/23/20,3/24/20,3/25/20,3/26/20,3/27/20,3/28/20,3/29/20,3/30/20,3/31/20,4/1/20,4/2/20,4/3/20,4/4/20,4/5/20,4/6/20,4/7/20,4/8/20,4/9/20,4/10/20,4/11/20,4/12/20,4/13/20,4/14/20,4/15/20,4/16/20,4/17/20,4/18/20,4/19/20,4/20/20,4/21/20,4/22/20,4/23/20,4/24/20,4/25/20,4/26/20,4/27/20,4/28/20,4/29/20,4/30/20,5/1/20,5/2/20,5/3/20,5/4/20,5/5/20,5/6/20,5/7/20,5/8/20,5/9/20,5/10/20,5/11/20,5/12/20,5/13/20,5/14/20,5/15/20,5/16/20,5/17/20,5/18/20,5/19/20,5/20/20,5/21/20,5/22/20,5/23/20,5/24/20,5/25/20,5/26/20,5/27/20,5/28/20,5/29/20,5/30/20,5/31/20,6/1/20,6/2/20,6/3/20,6/4/20,6/5/20,6/6/20,6/7/20,6/8/20,6/9/20,6/10/20,6/11/20,6/12/20,6/13/20,6/14/20,6/15/20,6/16/20,6/17/20,6/18/20,6/19/20,6/20/20,6/21/20,6/22/20,6/23/20,6/24/20,6/25/20,6/26/20,6/27/20,6/28/20,6/29/20,6/30/20,7/1/20,7/2/20,7/3/20,7/4/20,7/5/20,7/6/20,7/7/20,7/8/20,7/9/20,7/10/20,7/11/20,7/12/20,7/13/20,7/14/20,7/15/20,7/16/20,7/17/20,7/18/20,7/19/20,7/20/20,7/21/20,7/22/20,7/23/20,7/24/20,7/25/20,7/26/20,7/27/20,7/28/20,7/29/20,7/30/20,7/31/20,8/1/20,8/2/20,8/3/20,8/4/20,8/5/20,8/6/20,8/7/20,8/8/20,8/9/20,8/10/20,8/11/20,8/12/20,8/13/20,8/14/20,8/15/20,8/16/20,8/17/20,8/18/20,8/19/20,8/20/20,8/21/20,8/22/20,8/23/20,8/24/20,8/25/20,8/26/20,8/27/20,8/28/20,8/29/20,8/30/20,8/31/20,9/1/20,9/2/20,9/3/20,9/4/20,9/5/20,9/6/20,9/7/20,9/8/20,9/9/20,9/10/20,9/11/20,9/12/20,9/13/20,9/14/20,9/15/20,9/16/20,9/17/20,9/18/20,9/19/20,9/20/20,9/21/20
Alabama,Republican,0,0,0,0,0,0,0,0,0,0,0,0,0,0,0,0,0,0,0,0,0,0,0,0,0,0,0,0,0,0,0,0,0,0,0,0,0,0,0,0,0,0,0,0,0,0,0,0,0,0,0,5,7,11,29,39,51,78,106,131,157,196,242,381,517,587,694,825,899,987,1060,1233,1495,1614,1765,1952,2169,2328,2703,2947,3217,3563,3734,3953,4075,4345,4571,4712,4888,5079,5317,5593,5832,6026,6026,6421,6539,6750,6912,7088,7294,7611,7888,8112,8437,8691,9046,9385,9668,9889,10164,10464,10700,11101,11373,11674,11771,12086,12376,13052,13288,13670,14117,14478,14986,15650,16032,16530,17031,17359,17952,18630,18766,18851,19072,19387,20043,20500,20925,21422,21989,22845,23710,24601,25615,26272,26912,27312,28206,29002,29549,30021,30454,31097,32064,33206,34183,35083,35441,37175,38045,38962,40111,41865,42862,43953,44878,45785,46962,49174,50508,51947,53587,55545,57255,59067,61088,63091,65234,67011,68891,70358,71813,74212,76005,78130,79294,81115,82366,83782,85762,87723,89349,91444,92661,93702,94654,96592,98301,100173,101334,103020,103851,104786,105557,106309,107580,108433,109004,110361,111478,112449,113632,114532,115060,116710,117242,119254,121023,122185,123889,125235,126058,127616,128239,129285,130393,131803,132314,132973,133606,134417,135565,136703,137646,138755,139459,140160,141087,141757,142863,144164,144962,145780
Alaska,Republican,0,0,0,0,0,0,0,0,0,0,0,0,0,0,0,0,0,0,0,0,0,0,0,0,0,0,0,0,0,0,0,0,0,0,0,0,0,0,0,0,0,0,0,0,0,0,0,0,0,0,0,1,1,1,1,3,5,8,11,13,18,30,34,41,56,58,85,102,114,119,132,143,157,171,185,190,213,226,235,246,257,272,277,285,293,300,309,314,319,321,329,335,337,339,339,340,345,351,355,355,364,365,368,370,371,372,374,377,378,379,379,383,383,383,388,388,388,388,400,401,401,403,407,407,408,410,411,424,429,433,459,466,486,504,512,523,535,543,562,572,592,609,624,653,660,663,675,695,707,720,741,752,758,760,789,813,833,851,880,901,937,975,1014,1060,1107,1134,1162,1180,1222,1268,1323,1385,1479,1539,1579,1631,1693,1734,1796,1875,1950,2042,2131,2193,2249,2339,2525,2623,2730,2798,2879,2990,3136,3280,3341,3394,3448,3483,3536,3613,3711,3774,3819,3879,3963,4073,4156,4259,4309,4371,4438,4520,4588,4677,4741,4810,4843,4895,4974,5092,5182,5226,5263,5297,5362,5464,5584,5677,5760,5793,5828,5891,6012,6104,6207,6268,6343,6384,6432,6537,6644,6729,6822,6892
Arizona,Republican,0,0,0,0,1,1,1,1,1,1,1,1,1,1,1,1,1,1,1,1,1,1,1,1,1,1,1,1,1,1,1,1,1,1,1,1,1,1,1,1,1,1,1,1,2,4,4,4,6,9,9,9,12,12,18,20,27,45,68,104,152,235,326,401,508,665,773,919,1157,1289,1413,1596,1769,2019,2269,2460,2575,2726,3018,3112,3393,3542,3705,3809,3964,4237,4511,4724,4933,5068,5256,5473,5772,6045,6286,6534,6725,6955,7209,7655,7969,8364,8640,8924,9305,9707,9945,10526,10960,11119,11383,11736,12216,12674,13169,13666,13945,14208,14576,14906,15348,15624,16053,16377,16575,16864,17318,17877,18472,19258,19936,20129,21264,22356,22886,24439,25451,26989,27678,28296,29852,31267,33039,34660,35706,36844,39185,40937,43445,46910,50127,52591,54599,58378,60190,63281,66659,70124,73920,74545,79228,84105,87445,91872,94567,98103,101455,105094,108614,112671,116892,119930,122467,123824,128097,131354,134613,138523,141265,143624,145183,148683,150609,152944,156301,160041,162014,163827,165934,168273,170798,174010,177002,178467,179497,180505,182203,183656,185053,186107,186923,187523,188737,189443,190794,191721,192654,193537,194005,194920,195557,196280,196899,197895,198103,198414,199273,199459,200139,200658,201287,201661,201835,202342,202861,203953,204681,205517,205767,205964,206045,206541,207002,207523,208128,208512,208725,209209,209907,211660,212942,213551,214021,214251
Arkansas,Republican,0,0,0,0,0,0,0,0,0,0,0,0,0,0,0,0,0,0,0,0,0,0,0,0,0,0,0,0,0,0,0,0,0,0,0,0,0,0,0,0,0,0,0,0,0,0,0,0,0,0,0,9,12,3,3,3,4,62,100,122,165,192,219,280,335,381,409,426,473,523,584,643,704,743,837,875,946,1000,1119,1171,1228,1280,1410,1498,1569,1620,1695,1744,1781,1973,1990,2276,2599,2810,2911,3001,3069,3127,3193,3281,3337,3372,3437,3491,3525,3611,3703,3747,3747,4012,4043,4164,4236,4366,4463,4578,4759,4813,4923,5003,5458,5612,5775,5922,6029,6180,6277,6538,6777,7013,7253,7443,7818,8067,8425,8651,9101,9426,9740,10080,10368,10816,11547,12095,12501,12917,13191,13606,13928,14631,15142,15561,16083,16678,17375,18062,18740,19310,19818,20257,20777,21197,22075,22622,23209,23814,24253,24512,25246,26052,26803,27864,28367,28939,29812,30297,31114,31762,32533,33228,33927,34655,35246,36259,37249,37981,38623,39447,40181,40968,41759,42511,43173,43810,44597,45381,46293,47028,48039,48811,49383,50028,50411,51096,51766,52392,51992,52665,53077,53487,54216,54765,55652,56199,56574,56894,57374,58023,58745,59583,60378,60856,61224,61497,62112,63081,64175,64690,65377,65727,66021,66406,66804,67911,69710,70219,70627,71497,72219,73211,74082,75160,75723,76364
California,Democratic,0,0,0,0,2,2,2,2,2,3,3,3,6,6,6,6,6,6,6,6,7,7,8,8,8,8,8,8,8,8,10,10,10,10,10,10,11,11,12,12,21,25,35,51,59,81,95,101,144,178,221,281,372,373,557,700,831,1009,1243,1412,1651,2113,2542,3009,3910,4679,5110,5863,7155,8233,9410,10790,12016,12837,15034,16024,17351,18897,19710,21081,21717,22800,23934,25389,26686,27677,29157,30511,31431,33686,35480,37352,39561,41355,42368,43559,44972,46164,48747,50130,52026,53347,54903,55884,58456,60616,62148,63800,66572,67600,69329,70980,72798,74871,76693,78725,80166,81518,83764,86018,88056,90281,92564,94069,96470,99492,101071,103813,106638,109895,111951,114733,117215,119374,122194,125783,128606,130657,133816,136681,139715,143439,146659,150034,152349,155726,158961,162798,167133,170862,175243,178657,184765,191477,196024,201112,206844,210692,215487,223646,231418,238681,246550,250514,252895,264681,271035,284012,292560,302484,310885,318761,324543,333357,346211,354885,364706,373259,380745,386906,397870,409305,421286,430773,440185,446452,452288,458121,470762,484913,492934,500556,506613,512175,516851,526685,530606,541339,546814,554388,559746,574231,578946,591376,597984,613101,617994,623873,629415,638140,647274,652267,658900,664435,669280,675561,681032,687004,691821,697385,702038,705951,712475,715617,721281,726018,730662,735314,738856,740965,744344,747290,750961,754905,758933,761728,765134,768204,771321,775037,779491,783313,786168,790096
Colorado,Democratic,0,0,0,0,0,0,0,0,0,0,0,0,0,0,0,0,0,0,0,0,0,0,0,0,0,0,0,0,0,0,0,0,0,0,0,0,0,0,0,0,0,0,0,2,8,8,8,12,17,34,49,78,103,136,161,183,216,278,364,475,595,723,912,1087,1430,1738,2061,2308,2627,2966,3342,3728,4173,4565,4950,5183,5429,5655,6202,6513,6893,7307,7696,7950,8280,8675,9047,9440,9730,10112,10473,10891,11278,12256,12968,13441,13879,14316,14758,15284,15793,16225,16635,16918,17367,17832,18370,18827,19375,19703,19879,20157,20475,20838,21232,21633,21938,22202,22482,22797,23191,23487,23964,24174,24256,24552,24754,25107,25598,26084,26364,26563,26774,27046,27346,27601,27834,27987,28169,28333,28484,28632,28807,29002,29115,29284,29427,29656,29886,30172,30333,30524,30689,30877,31139,31463,31780,32006,32290,32494,32698,33012,33335,33595,33849,34048,34240,34647,35099,35507,36173,36573,36895,37218,37668,38137,38708,39326,39770,40124,40548,41041,41680,42295,42962,43771,44318,44547,45296,45778,46186,46791,47249,47709,47950,48376,48970,49418,49875,50306,50642,51020,51422,51737,52200,52519,52819,53157,53351,53612,53882,54211,54211,54864,55123,55321,55780,55973,56323,56753,57020,57203,57404,57755,57999,58267,58267,58966,59251,59464,59651,59891,60155,60462,60876,61293,61667,62079,62666,63125,63730,64336,64837,65379
Connecticut,Democratic,0,0,0,0,0,0,0,0,0,0,0,0,0,0,0,0,0,0,0,0,0,0,0,0,0,0,0,0,0,0,0,0,0,0,0,0,0,0,0,0,0,0,0,0,0,0,0,0,1,3,5,11,23,24,41,68,96,159,194,194,327,415,618,875,1012,1291,1524,1993,2571,3128,3557,3824,4914,5276,5675,6906,7781,7781,9784,10538,11510,12035,13381,13989,14755,15884,16809,17550,17962,19815,20360,22469,23100,23936,24583,25269,25997,26312,26767,27700,28764,29287,29287,29973,30621,30995,31784,32411,32984,33554,33765,34333,34855,35464,36085,36703,37419,38116,38430,39017,39208,39640,40022,40468,40873,41303,41288,41559,41762,42022,42201,42740,42979,43091,43239,43460,43818,43968,44092,44179,44347,44461,44689,44994,45088,45235,45349,45429,45440,45557,45715,45755,45782,45899,45913,45994,46059,46206,46303,46362,46514,46572,46646,46717,46717,46717,46976,47033,47108,47209,47287,47287,47287,47510,47530,47636,47750,47893,47893,47893,48055,48096,48223,48232,48776,48776,48776,48983,49077,49540,49670,49810,49810,49810,50062,50110,50225,50245,50320,50320,50320,50567,50684,50706,50782,50897,50897,50897,51267,51255,51314,51432,51519,51519,51519,52011,52040,52220,52350,52495,52495,52495,52879,53006,53108,53209,53365,53365,53365,53365,53782,53871,54093,54326,54326,54326,54895,55031,55166,55386,55527,55527,55527,56024
Delaware,Democratic,0,0,0,0,0,0,0,0,0,0,0,0,0,0,0,0,0,0,0,0,0,0,0,0,0,0,0,0,0,0,0,0,0,0,0,0,0,0,0,0,0,0,0,0,0,0,0,0,0,1,1,4,6,6,8,16,19,30,39,45,56,68,104,119,130,163,214,232,264,319,368,393,450,593,673,783,928,1116,1209,1326,1479,1625,1758,1926,2014,2070,2317,2538,2538,2745,2931,3200,3308,3442,3576,4034,4162,4575,4655,4734,4918,5038,5208,5288,5371,5778,5939,6111,6277,6277,6565,6741,6952,7223,7373,7547,7670,7869,8037,8194,8386,8529,8529,8809,8965,9066,9096,9171,9236,9422,9498,9605,9685,9712,9746,9773,9845,9942,9972,10020,10056,10106,10173,10229,10264,10340,10403,10444,10499,10611,10681,10775,10820,10847,10889,10980,11017,11091,11226,11376,11474,11510,11731,11923,11996,12128,12293,12414,12462,12531,12652,12743,12804,12879,12969,13050,13114,13337,13429,13519,13624,13746,13792,13924,14202,14175,14290,14406,14476,14602,14689,14788,14877,14949,15055,15137,15296,15365,15445,15502,15575,15634,15699,15765,15967,16340,16396,16451,16536,16593,16643,16718,16770,16828,16895,16942,16962,16986,16976,17083,17349,17343,17429,17535,17549,17653,17752,17892,18043,18249,18308,18308,18466,18559,18726,18849,18937,19137,19234,19318,19366,19449,19566,19667
District of Columbia,Democratic,0,0,0,0,0,0,0,0,0,0,0,0,0,0,0,0,0,0,0,0,0,0,0,0,0,0,0,0,0,0,0,0,0,0,0,0,0,0,0,0,0,0,0,0,0,0,0,0,0,0,0,0,0,0,22,22,31,40,71,98,102,120,141,187,231,271,304,342,401,495,586,653,757,902,1002,1097,1211,1440,1523,1660,1778,1875,1955,2058,2197,2350,2476,2666,2793,2927,3098,3206,3361,3528,3699,3841,3892,3994,4106,4323,4658,4797,5016,5170,5322,5461,5654,5899,6102,6272,6389,6485,6584,6736,6871,7042,7123,7270,7434,7551,7788,7893,7966,8110,8225,8334,8406,8492,8538,8717,8801,8857,8886,9016,9120,9199,9269,9332,9389,9474,9537,9589,9654,9709,9767,9799,9818,9847,9903,9952,9984,10020,10058,10094,10128,10159,10185,10216,10248,10292,10327,10365,10390,10435,10447,10482,10515,10569,10642,10679,10743,10801,10847,10906,10946,11026,11076,11115,11194,11261,11339,11427,11529,11571,11649,11717,11780,11858,11945,11999,12057,12126,12205,12274,12313,12398,12443,12518,12589,12653,12753,12807,12896,12959,13024,13118,13159,13220,13273,13325,13354,13409,13469,13534,13590,13639,13684,13684,13794,13851,13925,13959,13992,14049,14077,14135,14186,14238,14279,14315,14362,14387,14412,14493,14493,14592,14622,14687,14743,14790,14852,14902,14955,14978
Florida,Republican,0,0,0,0,0,0,0,0,0,0,0,0,0,0,0,0,0,0,0,0,0,0,0,0,0,0,0,0,0,0,0,0,0,0,0,0,0,0,0,0,1,2,2,3,3,7,10,13,15,24,30,50,76,100,101,190,306,432,564,763,1004,1227,1412,1682,2357,2900,3763,4246,5473,6741,6956,9008,10268,11537,12350,13324,14545,15456,16364,17531,18494,19895,21019,21628,22511,23343,24759,25492,26314,27059,27869,28309,29648,30533,30839,31532,32138,32848,33193,33690,34728,35463,36078,36897,37439,38002,38828,39199,40001,40596,40982,41923,42402,43210,44138,44811,45588,46442,46944,47471,48675,49451,50127,50867,51746,52255,52634,53285,54497,55424,56163,56830,57447,58764,60183,61488,62758,63938,64904,66000,67371,69069,70971,73552,75568,77326,80109,82719,85926,89748,93797,97291,100217,103503,109014,114018,122960,132545,141075,146341,152434,158997,169106,178594,190052,200111,206447,213794,223783,232718,244151,254511,269811,282435,291629,301810,315775,327241,337569,350047,360394,369834,379619,389868,402312,414511,423855,432747,441977,451423,461379,470386,480028,487132,491884,497330,502739,510389,518075,526577,532806,536961,542792,550901,557137,563285,569637,573416,576094,579932,584047,588602,593286,597597,600571,602829,605502,608722,611991,615806,619003,621586,623471,631040,633442,637013,640211,643867,646431,648269,650092,652259,654731,658381,661571,663994,665730,668846,671201,674456,677660,681233,683754,685439
Georgia,Republican,0,0,0,0,0,0,0,0,0,0,0,0,0,0,0,0,0,0,0,0,0,0,0,0,0,0,0,0,0,0,0,0,0,0,0,0,0,0,0,0,0,2,2,2,3,5,5,10,17,23,31,42,73,99,121,146,197,287,485,555,621,772,1026,1247,1525,2000,2366,2651,2808,3929,4638,5348,5831,6160,6647,7314,8822,9901,10566,11485,12159,12452,13315,14578,14987,15669,17194,17669,18301,19407,19881,21214,21883,22491,23222,23486,24302,24922,25775,26264,27489,28331,28665,29451,29998,30743,31618,32181,32588,33580,34002,34924,35427,35977,36772,37212,37579,38283,38855,39801,40663,41482,42242,42902,43400,43983,44638,45266,45881,46331,47063,47902,48207,48894,49859,50621,51359,51898,52497,53249,53980,54973,55783,56804,57681,58414,59078,60030,60912,62009,63809,64701,65928,67810,69381,71095,72995,74985,77210,79417,81291,84242,87709,90493,93319,95516,97064,100470,103890,106727,111217,114401,116935,120572,123963,127838,131287,135192,139880,143129,145582,148988,152302,156607,161420,165188,167953,170843,175052,178323,182286,186352,190012,193177,195435,197948,201713,204895,209004,213427,216596,219025,222588,226153,228668,231895,235168,237030,238861,241677,243982,246741,249630,252222,253949,256253,258354,260590,263074,265372,267758,268973,270471,272697,274613,277288,279354,281548,283199,283807,285350,287300,289123,290781,292905,294314,295337,296994,299056,300903,302854,305021,306155,307339
Hawaii,Democratic,0,0,0,0,0,0,0,0,0,0,0,0,0,0,0,0,0,0,0,0,0,0,0,0,0,0,0,0,0,0,0,0,0,0,0,0,0,0,0,0,0,0,0,0,0,1,1,1,3,2,2,2,4,6,8,10,15,25,36,36,53,56,90,91,95,106,149,149,175,204,224,256,319,351,371,387,410,410,442,442,465,499,504,511,524,530,541,574,580,584,586,592,596,601,605,606,607,609,613,618,619,620,620,621,625,626,629,629,631,632,634,635,638,637,638,639,640,640,641,643,647,642,643,643,643,643,644,647,649,651,652,652,653,653,655,664,673,675,676,682,685,692,706,723,728,736,736,744,762,789,789,814,816,819,835,851,866,872,899,900,917,926,946,975,999,1023,1030,1071,1094,1130,1158,1200,1220,1243,1264,1292,1311,1334,1354,1381,1393,1418,1435,1490,1549,1620,1683,1711,1757,1865,1989,2111,2197,2242,2448,2591,2763,2914,3115,3346,3498,3638,3756,3958,4312,4543,4825,5042,5215,5349,5609,5844,6072,6356,6600,6769,6984,7260,7566,7830,8139,8339,8472,8653,8991,9202,9473,9693,9855,9959,10025,10123,10292,10459,10588,10700,10779,10844,10946,11105,11217,11326,11403,11459
Idaho,Republican,0,0,0,0,0,0,0,0,0,0,0,0,0,0,0,0,0,0,0,0,0,0,0,0,0,0,0,0,0,0,0,0,0,0,0,0,0,0,0,0,0,0,0,0,0,0,0,0,0,0,0,1,2,4,4,8,9,23,36,42,42,68,81,91,146,205,234,281,340,515,566,776,891,1022,1078,1101,1170,1210,1232,1354,1396,1407,1426,1464,1473,1587,1609,1655,1668,1672,1736,1766,1836,1870,1887,1897,1897,1952,1952,1984,2015,2061,2061,2106,2127,2158,2178,2178,2205,2230,2260,2293,2293,2351,2351,2419,2419,2455,2455,2506,2506,2595,2595,2626,2626,2626,2699,2770,2770,2803,2839,2839,2933,2933,2990,3111,3139,3139,3189,3221,3260,3260,3353,3353,3399,3399,3462,3632,3743,3871,4004,4006,4256,4254,4402,4865,4865,5322,5322,5752,6117,6370,6593,6994,7370,7733,8052,8539,8969,9429,9929,10506,10903,11404,11720,12449,13134,13753,14303,14874,15268,15823,16322,16737,17265,17826,18178,18692,19220,19674,20242,20716,21110,21110,21670,22236,22708,23401,23925,24497,24675,25104,25598,26134,26629,27171,27475,27656,27937,28321,28680,29110,29364,29659,29845,30057,30465,30771,31113,31376,31668,31858,32081,32353,32664,32927,33193,33474,33664,33738,33978,34300,34617,34950,35167,35279,35532,35810,36093,36489,36959,37247,37491,37901
Illinois,Democratic,0,0,1,1,1,1,1,1,1,2,2,2,2,2,2,2,2,2,2,2,2,2,2,2,2,2,2,2,2,2,2,2,2,2,2,2,2,2,2,3,4,4,4,5,5,6,7,7,12,25,32,46,64,66,83,161,272,422,585,753,1049,1285,1537,1865,2538,3024,3491,4596,5056,5994,6980,7695,8904,10357,11259,12262,13553,15078,16422,17887,19180,20852,22025,23248,24593,25734,27578,29160,30357,31513,33059,35107,36937,39658,41777,43903,45883,48102,50358,52918,56055,58505,61499,63777,65889,68232,70871,73760,76085,77741,79007,83021,84694,87937,90369,92457,94191,96485,98030,100418,102688,105444,107796,110304,112017,113195,114306,115833,117455,118917,120260,121234,122848,123830,124759,125915,126890,127757,128415,129212,129837,130603,131198,131871,132543,133016,133639,134185,134778,135470,136104,136762,137224,137825,138540,139434,140291,141077,141723,142461,143185,144013,144882,145750,146612,147251,147865,149574,150554,151572,152899,154094,155048,155931,156638,157825,159082,160509,161785,162750,163922,164864,166475,168096,169696,171122,172663,173894,174968,176363,178135,180115,181754,183224,184522,185993,187752,189705,191808,193998,195380,196699,198248,199893,201727,204023,205851,207412,209185,210924,213220,215052,217345,219701,221594,223206,224887,227043,228750,231186,233066,235058,236724,238216,240344,241704,247298,250102,251515,252884,254276,255613,257566,259879,261999,263459,264831,266295,268238,270294,272517,275041,276443,277920
Indiana,Republican,0,0,0,0,0,0,0,0,0,0,0,0,0,0,0,0,0,0,0,0,0,0,0,0,0,0,0,0,0,0,0,0,0,0,0,0,0,0,0,0,0,0,0,0,1,1,2,3,6,11,13,13,16,20,25,30,38,60,86,128,204,270,368,477,645,979,1233,1513,1786,2158,2564,3038,3437,3953,4411,4956,5510,5943,6351,6907,7435,7928,8359,8527,8960,9542,10154,10641,11211,11688,12097,12438,13039,13681,14399,15012,15961,16588,17182,17835,18630,19295,19933,20507,21033,21870,22503,23146,23732,24126,24627,25127,25473,26053,26656,27280,27778,28255,28705,29274,29936,30409,30901,31376,31715,32078,32437,33068,33558,34211,34574,34830,35237,35712,36096,36578,36997,37397,37623,38033,38337,38748,39146,39543,39909,40430,40786,41013,41438,41746,42061,42423,42633,42871,43140,43655,44140,44575,44930,45228,45594,45952,46387,46915,47432,48201,48524,48626,49063,49575,50300,51079,51612,52037,52685,53370,54080,54813,55654,56571,57206,57916,58673,59602,60598,61520,62372,62907,63678,64299,65253,66154,67122,67857,68433,69255,69975,71015,72254,73287,74328,74992,75862,76522,77565,78632,79676,80415,81006,81847,82336,83277,84317,85317,85932,87592,88421,89359,90504,91313,92434,93313,94196,94891,95750,96854,97884,98961,99804,100394,100780,101485,102243,103505,104561,105804,106540,107229,107809,108646,109683,110759,111505,112027
Iowa,Republican,0,0,0,0,0,0,0,0,0,0,0,0,0,0,0,0,0,0,0,0,0,0,0,0,0,0,0,0,0,0,0,0,0,0,0,0,0,0,0,0,0,0,0,0,0,0,0,3,8,13,14,17,17,18,23,23,38,44,45,69,90,105,124,146,179,235,298,336,424,497,547,614,699,787,869,946,1046,1145,1270,1388,1510,1587,1710,1899,1995,2141,2332,2513,2902,3159,3641,3748,3924,4445,5092,5476,5868,6376,6843,7145,7884,8643,9175,9703,10111,10404,11059,11457,11671,11959,12373,12912,13289,13675,14049,14328,14651,14955,15296,15620,16170,16492,16898,17251,17557,17703,18369,18586,18957,19244,19552,19699,20019,20300,20806,21154,21478,21712,22007,22237,22626,22973,23350,23717,23926,24082,24179,24460,24861,25274,25496,25963,26146,26469,26601,27373,27717,28073,28520,28845,29074,29514,30259,30463,31061,31517,31758,32153,32624,33254,34172,34658,35410,35631,35866,36536,37350,37903,38313,38813,39343,39721,40208,40796,41434,41886,42357,42696,42928,43623,44285,44753,45293,45723,45905,46231,46836,47559,48040,48535,48919,49165,49521,49973,50373,51247,52065,52447,52829,53201,53523,54533,55331,55996,56446,56909,57606,58807,61488,62828,63612,64599,65139,65847,66463,67691,68744,69690,70215,70537,71019,71595,72458,73399,74205,74676,75064,75721,76652,77204,78839,79804,80410,81007
Kansas,Democratic,0,0,0,0,0,0,0,0,0,0,0,0,0,0,0,0,0,0,0,0,0,0,0,0,0,0,0,0,0,0,0,0,0,0,0,0,0,0,0,0,0,0,0,0,0,0,1,1,1,1,4,6,8,8,11,18,22,35,48,57,65,84,100,134,172,206,266,330,372,434,485,553,629,698,751,849,912,1046,1116,1117,1275,1344,1390,1441,1504,1615,1730,1821,1905,2048,2164,2331,2721,2959,3135,3277,3473,3652,3839,4413,4634,4885,5156,5383,5648,5993,6332,6667,6829,6951,7159,7240,7518,7705,7886,7939,7953,8303,8353,8507,8625,8909,8946,9004,9125,9199,9291,9371,9662,9690,9700,9920,9965,10092,10167,10306,10361,10406,10544,10609,10750,10823,10973,11020,11101,11319,11411,11644,11753,12021,12097,12136,12428,12537,12930,13107,13462,13617,13847,14209,14370,14830,15002,15659,15911,16081,16638,16860,17332,17785,18303,18687,18981,19645,19887,20349,20817,21388,21693,21996,22656,22929,23481,23956,24554,25009,25290,25804,26058,26591,26885,27364,27592,27871,28432,28782,29256,29617,30137,30463,30662,31183,31468,32097,32484,33030,33885,33885,34614,34874,35419,35907,36895,37388,37658,38546,38861,39880,40360,41050,41595,41761,42599,42962,43847,44394,45365,45656,45830,46337,47012,47424,47802,48370,48658,48766,49660,49989,50720,51164,52125,52486,52700,53627
Kentucky,Democratic,0,0,0,0,0,0,0,0,0,0,0,0,0,0,0,0,0,0,0,0,0,0,0,0,0,0,0,0,0,0,0,0,0,0,0,0,0,0,0,0,0,0,0,0,1,1,1,4,5,8,10,14,16,18,21,26,28,50,64,87,103,123,162,197,247,301,380,438,479,628,632,770,770,917,955,955,1149,1149,1341,1693,1693,1963,2018,2048,2210,2435,2522,2707,2960,3050,3204,3378,3479,3779,3915,4085,4156,4375,4537,4708,4882,4879,5130,5245,5822,5934,6129,6288,6440,6440,6677,6853,6853,7225,7444,7688,7688,7935,8069,8167,8286,8426,8571,8571,8571,8951,9077,9185,9464,9704,9704,10046,10185,10410,10705,10977,11287,11287,11476,11707,11883,11945,12166,12445,12445,12647,12647,12995,13197,13454,13630,13750,13839,14141,14363,14617,14859,15167,15232,15347,15624,15842,16079,16376,16376,16376,17152,17519,17919,18245,18672,19121,19389,19653,20223,20677,21083,21605,22184,23161,23414,24060,24540,25147,25932,26764,27082,27586,28111,28727,29386,30151,30723,31185,31508,32197,32741,33254,33796,34578,34982,35254,35793,36945,37686,38298,38930,38930,39691,40299,40926,41626,42265,43066,43066,43898,44568,45230,45978,46757,47577,48031,48396,49185,49991,50885,51677,52464,52774,53064,53319,53977,54772,55704,56415,56945,57282,58000,58764,59370,60128,61106,61542,61917
Louisiana,Democratic,0,0,0,0,0,0,0,0,0,0,0,0,0,0,0,0,0,0,0,0,0,0,0,0,0,0,0,0,0,0,0,0,0,0,0,0,0,0,0,0,0,0,0,0,0,0,0,0,0,5,19,29,77,87,115,196,257,392,537,763,837,1172,1388,1795,2304,2744,3315,3540,4025,5237,6424,9149,10297,12496,13010,14867,16284,17030,18283,19253,20014,20595,21016,21518,21951,22532,23118,23580,23928,24523,24854,25258,25739,26140,26512,26773,27068,27286,27660,28001,28711,29140,29340,29673,29996,30399,30652,30855,31417,31600,31815,32050,32662,33489,33837,34117,34432,34709,35038,35316,36504,36925,36925,37169,37809,38054,38497,38802,38802,39577,39916,40341,40746,41133,41562,41989,42486,42816,43050,43612,44030,44472,44995,46283,46619,47172,47706,48634,48634,48515,49385,49778,50239,51595,52477,53415,54769,54769,56236,57081,58095,60178,61561,63289,63289,65226,66327,68263,70151,71994,74636,76803,78122,79827,82042,84131,86411,88590,88590,91706,94892,96583,99354,101650,103734,103734,107574,109917,111038,112773,114481,116280,116280,119747,120846,124461,125943,127246,128746,128746,131399,131961,133125,134304,135439,136737,136737,137918,138485,139125,139903,140821,141720,141720,142943,143566,144116,144960,145637,146243,146243,147867,148193,148882,149838,150651,151473,151473,152868,153177,153433,154955,155419,156174,156174,157455,157947,158318,158826,159304,160283,160283,161219,161462
Maine,Democratic,0,0,0,0,0,0,0,0,0,0,0,0,0,0,0,0,0,0,0,0,0,0,0,0,0,0,0,0,0,0,0,0,0,0,0,0,0,0,0,0,0,0,0,0,0,0,0,0,0,0,1,3,3,2,17,26,35,52,56,70,89,107,118,142,155,168,211,253,275,303,303,376,432,456,470,499,519,537,560,586,616,633,698,735,770,796,827,847,867,875,888,907,937,965,965,1015,1023,1040,1056,1095,1123,1153,1185,1205,1226,1254,1330,1374,1408,1436,1462,1477,1515,1565,1603,1648,1687,1713,1741,1819,1877,1948,2013,2055,2074,2109,2137,2189,2226,2282,2325,2349,2377,2418,2446,2482,2524,2570,2588,2606,2637,2667,2721,2757,2793,2810,2819,2836,2878,2913,2938,2957,2971,2996,3017,3070,3102,3154,3191,3219,3253,3294,3328,3373,3397,3415,3423,3440,3460,3486,3499,3520,3539,3558,3566,3578,3598,3636,3645,3687,3711,3723,3722,3737,3757,3790,3814,3832,3838,3866,3888,3912,3937,3958,3970,3977,3994,3999,4016,4028,4044,4051,4052,4070,4089,4116,4144,4168,4197,4213,4235,4253,4286,4318,4336,4357,4369,4389,4414,4436,4492,4514,4529,4549,4568,4618,4633,4633,4683,4701,4714,4713,4760,4792,4834,4863,4904,4918,4941,4962,5002,5034,5077,5106
Maryland,Republican,0,0,0,0,0,0,0,0,0,0,0,0,0,0,0,0,0,0,0,0,0,0,0,0,0,0,0,0,0,0,0,0,0,0,0,0,0,0,0,0,0,0,0,0,3,3,5,5,8,9,12,18,27,24,42,60,85,107,149,193,244,290,349,425,583,775,995,1239,1413,1660,1986,2331,2758,3125,3617,4045,4371,5529,6185,6968,7694,8225,8936,9472,10032,10784,11572,12326,12847,13684,14193,14775,15737,16616,17766,18581,19487,20113,20849,21742,23472,24473,25462,26408,27117,28163,29374,30485,31534,32587,33373,34061,34812,35903,36986,37968,38804,39762,41546,42323,43531,44424,45495,46313,47152,47687,48423,49709,50988,52015,52778,53327,54175,54982,55858,56770,57482,57973,58404,58904,59465,60197,60613,61305,61701,62032,62409,62969,63229,63548,63956,64306,64603,65007,65337,65777,66115,66450,66777,67254,67559,67918,68423,68961,69341,69632,69904,70396,70861,71447,71910,72467,73109,73527,74260,75016,75664,76371,77206,78131,78685,79545,80172,80836,81766,83054,83748,84876,85524,86285,87177,88346,89365,90274,91144,91854,92426,93005,93806,94581,95503,96258,96843,97384,98160,98875,99693,100212,100715,101235,101649,102229,102899,103523,104102,104669,105046,105486,106063,106664,107294,107791,108249,108863,109319,110012,110831,111607,112119,112883,113239,113575,114078,114724,115533,116110,116646,117245,117888,118519,119062,119744,120156,120568
Massachusetts,Republican,0,0,0,0,0,0,0,0,0,0,1,1,1,1,1,1,1,1,1,1,1,1,1,1,1,1,1,1,1,1,1,1,1,1,1,1,1,1,1,1,1,2,2,2,6,6,22,22,41,92,107,123,138,138,187,217,252,328,413,523,640,777,1159,1838,2417,3240,4257,4955,5752,6620,7738,8966,10402,11736,12500,13837,15202,16790,18941,20974,22860,25475,26867,28164,29919,32181,34985,36963,38674,40252,41832,43614,46727,51700,54135,55753,57295,59193,61201,63211,65388,67438,69318,70388,71654,73538,75338,77090,78561,79676,80409,81370,82657,84460,85786,87374,88500,89566,90521,91654,92860,93796,94641,95708,96366,96826,97428,98198,98880,99773,100468,100805,101163,101592,102063,102557,103132,103436,103626,103889,104156,104667,105059,105395,105603,105690,105885,106151,106422,106650,106936,107061,107210,107439,107611,107837,108070,108443,108667,108768,108882,109143,109338,109628,109838,109974,110137,110338,110602,110897,111110,111398,111597,111827,112130,112347,112581,112879,113238,113534,113789,114033,114320,114647,114985,115268,115637,115926,116182,116684,117098,117612,118040,118458,118657,119203,119643,119874,120291,120711,121040,121315,121707,122000,122423,122728,123199,123593,123841,124063,124415,124728,125216,125360,125360,126022,126420,126756,127124,127584,128030,128229,128533,128888,129182,121546,121758,122196,122562,122791,122962,123143,123546,123986,124540,124826,125080,125393,125699,126128,126582,127181,127540,127796
Michigan,Democratic,0,0,0,0,0,0,0,0,0,0,0,0,0,0,0,0,0,0,0,0,0,0,0,0,0,0,0,0,0,0,0,0,0,0,0,0,0,0,0,0,0,0,0,0,0,0,0,0,0,2,3,24,36,45,76,90,159,314,471,625,1131,1454,1942,2468,3032,3848,4890,5753,6803,7951,9717,11230,13221,14735,16268,17820,19644,21076,22297,23279,24500,25183,26622,28042,29144,29966,31225,32031,32688,33324,34048,35404,36845,38330,38789,39540,40034,41166,42379,43478,44524,45424,46047,46348,46914,47738,48412,49170,49676,50086,50631,51263,51819,53167,53810,54315,54963,55855,56465,57322,57988,58543,59046,59395,59621,59974,60592,61116,61833,62225,62711,62928,63240,63657,63979,64821,64914,64969,65104,65167,65182,65449,65672,65836,66054,66085,66269,66497,66798,67097,67545,67711,67957,68197,68555,68989,69329,69679,69946,70223,70728,71089,71678,72175,72581,72941,73267,73900,74551,75063,75685,76370,76776,77198,77864,78913,79839,80593,81338,81868,82395,83059,83730,84431,85072,85622,86661,87173,87958,88974,89781,90574,91332,91758,92374,93175,93893,94656,95470,96191,96726,97306,98213,98689,99856,100724,101782,102259,102749,103402,104091,104618,104618,106044,106808,107686,108637,109480,110343,111136,111136,112526,113025,113820,114468,115242,116295,117191,117191,118403,118902,119872,120846,122251,123058,123058,124287,124976,125742,126722,127500,128087,128087,129662
Minnesota,Democratic,0,0,0,0,0,0,0,0,0,0,0,0,0,0,0,0,0,0,0,0,0,0,0,0,0,0,0,0,0,0,0,0,0,0,0,0,0,0,0,0,0,0,0,0,1,1,1,2,2,5,9,14,21,21,53,59,77,89,113,134,167,234,261,286,344,396,441,503,576,629,689,742,788,865,935,986,1069,1154,1240,1336,1427,1621,1621,1695,1809,1809,2070,2209,2356,2470,2567,2722,2942,3185,3446,3602,3811,4181,4644,5136,5730,6232,6663,7234,7851,8579,9365,10088,10790,11271,11799,12494,12917,13435,14240,14969,15668,16372,17029,17670,18200,19005,19845,20573,21315,21960,22464,22947,23531,24190,24850,25208,25508,25870,26273,26980,27501,27886,28224,28523,28869,29316,29795,30172,30471,30693,30882,31296,31675,32031,32467,32920,33227,33469,33763,34123,34616,35033,35549,35861,36303,36716,37210,37624,37624,38136,38569,39133,39589,40163,40767,41571,42281,42772,43170,43742,44347,45013,45470,46204,47107,47457,47961,48721,49488,50291,51153,51803,52281,52947,53692,54463,55188,55947,56560,57162,57779,58640,59185,60101,60898,61516,61839,62303,62993,63723,64413,65152,65716,66092,66618,67308,68133,68867,69584,70298,70707,71236,72390,73240,74257,75189,75864,76355,77085,78123,78966,79880,80587,81225,81608,81868,82249,82716,83588,84311,84949,85351,85813,86722,87807,88721,90017,90942
Mississippi,Republican,0,0,0,0,0,0,0,0,0,0,0,0,0,0,0,0,0,0,0,0,0,0,0,0,0,0,0,0,0,0,0,0,0,0,0,0,0,0,0,0,0,0,0,0,0,0,0,0,0,0,1,6,6,6,12,21,34,50,80,140,207,249,320,377,485,579,663,759,847,937,1073,1177,1358,1455,1638,1738,1915,2003,2260,2469,2642,2781,2942,3087,3360,3624,3793,3974,4274,4512,4716,4894,5153,5434,5718,5911,6094,6342,6569,6815,7212,7441,7550,7877,8207,8424,8686,9090,9378,9501,9674,9908,10090,10483,10801,11123,11296,11432,11704,11967,12222,12625,13005,13260,13458,13731,14044,14372,14793,15229,15523,15752,16041,16322,16560,16769,17039,17270,17768,18123,18483,18483,19091,19348,19516,19799,20152,20641,20641,20641,20641,20641,22329,22898,23424,24516,25066,25531,25892,26567,27247,27900,28770,29684,30674,30900,31257,32214,32888,33591,34622,35419,36287,36680,37542,38567,39797,40829,41846,42638,43889,45524,47071,48053,49585,50981,52154,52781,54085,55804,57579,58747,59881,60553,61125,62199,63444,64400,65436,66646,67173,67649,68293,69374,69986,70930,71755,72136,72412,73207,74555,75449,76323,77268,77894,78405,79206,80110,80695,81294,82029,82676,82950,83584,84365,85116,85939,86478,86888,87130,87379,87805,88322,89175,89620,89874,90018,90523,91234,91935,92432,93087,93364,93556
Missouri,Republican,0,0,0,0,0,0,0,0,0,0,0,0,0,0,0,0,0,0,0,0,0,0,0,0,0,0,0,0,0,0,0,0,0,0,0,0,0,0,0,0,0,0,0,0,0,0,1,1,1,1,1,4,4,5,8,14,21,42,79,89,122,225,291,382,577,744,864,934,1289,1550,1803,2003,2124,2472,2568,3030,3327,3511,3754,4149,4395,4534,4714,4880,5005,5308,5520,5713,5881,6043,6242,6433,6700,6943,7108,7275,7444,7591,7761,7956,8190,8449,8712,8998,9195,9447,9683,9829,9988,10105,10212,10329,10520,10684,10873,11049,11172,11320,11452,11628,11775,11986,12145,12394,12549,12721,12872,13083,13233,13400,13573,13787,14055,14298,14586,14753,15042,15132,15355,15566,15754,15946,15997,16232,16262,16611,16857,17069,17371,17667,18057,18460,18593,19005,19123,19637,20216,20572,20796,21315,21812,22104,22636,23160,23583,23816,24211,24918,25590,26410,27069,27606,27880,28289,29240,30057,30873,31738,32704,33521,34102,35194,36497,38060,39635,41034,42160,43489,45181,46942,49139,50616,51632,52184,53214,54422,55614,56773,57837,58021,59383,60359,61440,62956,64429,65793,67004,68196,69225,70055,71285,72353,73623,74952,75783,76597,77390,78743,80214,81672,83168,84474,85635,86738,88216,89639,91228,93171,94492,95406,96181,97504,98738,100268,102290,103997,105278,106637,107853,109557,111390,112864,114170,115537
Montana,Democratic,0,0,0,0,0,0,0,0,0,0,0,0,0,0,0,0,0,0,0,0,0,0,0,0,0,0,0,0,0,0,0,0,0,0,0,0,0,0,0,0,0,0,0,0,0,0,0,0,0,0,0,1,5,6,6,8,10,11,20,27,34,34,51,65,90,109,129,154,171,198,208,241,243,265,286,299,319,332,354,365,377,387,394,399,404,415,422,426,433,433,437,439,442,444,445,448,449,451,451,453,453,455,455,457,456,456,456,458,458,458,459,461,462,462,466,468,468,470,471,478,479,479,479,479,479,479,481,485,493,505,515,519,523,525,539,541,540,545,548,554,561,563,573,588,601,609,614,630,655,666,698,717,734,743,766,803,829,852,863,919,967,1016,1083,1128,1167,1212,1249,1327,1371,1466,1593,1677,1758,1843,1952,2096,2231,2366,2471,2533,2620,2711,2812,2909,3038,3259,3341,3380,3474,3676,3814,3965,4081,4193,4233,4314,4429,4602,4757,4889,4952,5017,5104,5268,5407,5541,5659,5750,5792,5846,5956,6072,6216,6376,6429,6489,6624,6785,6929,7063,7251,7340,7421,7509,7691,7871,8019,8164,8264,8316,8381,8468,8663,8785,8925,9021,9107,9244,9431,9647,9871,10163,10299,10429
Nebraska,Republican,0,0,0,0,0,0,0,0,0,0,0,0,0,0,0,0,0,0,0,0,0,0,0,0,0,0,0,0,0,0,0,0,0,0,0,0,0,0,0,0,0,0,0,0,1,1,1,3,3,5,10,14,18,17,18,23,24,29,37,38,51,51,66,71,74,82,96,108,145,172,210,246,279,321,364,417,447,519,568,635,699,791,814,897,901,952,1066,1249,1474,1648,1685,1813,2202,2424,2719,3030,3358,3517,3851,4281,5008,5317,5661,6037,6373,6689,7334,7818,8093,8171,8407,8532,8912,9260,9610,10220,10177,10625,10854,11122,11427,11662,11963,12134,12362,12619,12984,13249,13648,13905,14101,14345,14616,14885,15139,15406,15572,15664,15786,15918,16058,16315,16522,16640,16730,16851,17038,17231,17414,17588,17707,17812,17963,18099,18221,18346,18524,18775,18899,19042,19177,19310,19452,19660,19827,19929,20046,20201,20425,20623,20777,20998,21172,21399,21717,21979,22134,22361,22481,22583,22847,23190,23486,23818,24174,24395,24618,24899,25157,25422,25766,26211,26391,26702,26956,27178,27489,27821,28104,28245,28432,28696,29030,29244,29660,29988,30241,30372,30563,30825,31040,31348,31626,31780,31889,32047,32348,32727,33101,33436,33753,34046,34287,34574,34995,35469,35661,35805,35886,35975,36469,36917,37373,37851,38120,38188,38642,38970,39419,39921,40387,40797,41083,41388
Nevada,Democratic,0,0,0,0,0,0,0,0,0,0,0,0,0,0,0,0,0,0,0,0,0,0,0,0,0,0,0,0,0,0,0,0,0,0,0,0,0,0,0,0,0,0,0,1,2,2,4,4,4,7,10,18,20,20,45,55,55,95,161,161,190,245,278,323,420,536,626,920,1012,1114,1279,1463,1514,1742,1855,1953,2124,2259,2456,2722,2702,2836,2990,3134,3211,3214,3524,3626,3728,3830,3937,4081,4208,4398,4539,4734,4700,4821,4934,5053,5248,5389,5472,5630,5660,5741,5855,5920,6171,6120,6152,6313,6476,6504,6733,6813,6949,7061,7096,7388,7400,7525,7526,7881,7956,8057,8150,8248,8376,8517,8628,8702,8858,8951,9129,9309,9491,9669,9816,10045,10218,10473,10704,10997,11201,11315,11683,11854,12169,12524,12976,13240,13528,13997,14362,14859,15240,16339,17160,17894,18456,19101,19733,20718,21575,22418,22909,23785,24301,24904,25908,26838,27683,28515,29619,30468,31915,33295,34477,35765,36713,37528,38657,39919,40885,41816,42843,43831,44936,45806,46824,48088,49074,50205,51199,52179,52828,53557,54533,55419,56230,56972,57520,58048,58650,59749,60608,61305,61967,62639,63028,63584,64433,65069,65601,66010,66413,66666,67220,67852,68461,68908,69228,69633,69872,70223,70712,71102,71610,71967,72104,72258,72546,72806,73220,73537,73814,74040,74248,74595,75096,75419,75804,76036
New Hampshire,Republican,0,0,0,0,0,0,0,0,0,0,0,0,0,0,0,0,0,0,0,0,0,0,0,0,0,0,0,0,0,0,0,0,0,0,0,0,0,0,0,0,1,2,2,2,2,2,4,4,4,5,6,6,7,7,17,26,37,42,53,61,73,101,101,108,137,158,187,214,314,357,367,479,479,540,621,715,715,747,819,819,885,929,985,922,1139,1139,1287,1342,1390,1447,1490,1588,1670,1720,1797,1864,1938,2010,2058,2146,2310,2429,2518,2588,2636,2741,2843,2947,3011,3071,3160,3239,3299,3382,3453,3556,3596,3652,3721,3868,3935,4014,4089,4149,4197,4231,4286,4389,4492,4492,4651,4685,4749,4795,4876,4953,5019,5043,5079,5079,5178,5209,5251,5299,5318,5345,5364,5436,5450,5486,5518,5544,5558,5571,5598,5638,5671,5717,5747,5760,5782,5802,5822,5857,5872,5897,5914,5932,5952,5973,5991,6024,6054,6068,6091,6113,6139,6165,6188,6203,6249,6262,6295,6318,6375,6415,6436,6441,6500,6513,6544,6583,6614,6634,6660,6693,6719,6742,6779,6818,6835,6840,6861,6887,6921,6964,6980,6988,7004,7017,7036,7050,7071,7094,7107,7140,7156,7156,7194,7216,7246,7254,7275,7297,7309,7347,7368,7424,7447,7476,7494,7494,7573,7620,7652,7696,7714,7750,7781,7781,7861,7920,7947,7952
New Jersey,Democratic,0,0,0,0,0,0,0,0,0,0,0,0,0,0,0,0,0,0,0,0,0,0,0,0,0,0,0,0,0,0,0,0,0,0,0,0,0,0,0,0,0,0,0,2,2,4,5,5,15,23,29,49,69,72,176,250,397,741,890,1327,1914,2844,3675,4402,6876,8825,11124,13386,16636,18696,22255,25590,29895,34124,37505,41090,44416,47437,51027,54588,58151,61850,64584,68824,71030,75317,78467,81420,85301,88722,92387,95914,100025,102196,105498,109038,111188,113856,116365,118652,121190,123717,126744,128269,130593,131890,133991,135840,137397,138754,140206,140917,141560,142704,143984,145089,146504,148240,149356,150776,151586,152579,153140,154154,155092,155764,156628,157185,158844,159608,160445,160918,161545,162068,162530,163336,163893,164164,164497,164796,165346,165816,166164,166605,166881,167103,167426,167703,168107,168496,168834,169142,169415,169734,169892,170196,170584,170873,171182,171272,171667,171928,172356,172742,173033,173402,173611,173878,174039,174270,174628,174959,175298,175522,175915,176278,176501,176551,176814,176783,176963,177256,177645,177887,178345,178858,179363,179812,180295,180600,180970,181660,182029,182350,182614,182970,183327,183701,184061,184429,184773,185031,185475,185938,186594,187164,187442,187455,187767,188098,188427,188527,188817,189346,189494,189719,190021,190306,190613,190971,191320,191611,191960,192290,192595,192973,193422,193747,194058,194390,194667,194994,195414,195888,196337,196634,196968,197404,197792,198361,198848,199309,199762,200154
New Mexico,Democratic,0,0,0,0,0,0,0,0,0,0,0,0,0,0,0,0,0,0,0,0,0,0,0,0,0,0,0,0,0,0,0,0,0,0,0,0,0,0,0,0,0,0,0,0,0,0,0,0,0,3,5,10,13,13,21,23,28,35,42,55,57,83,100,113,113,136,208,237,237,315,327,373,490,506,624,686,794,821,865,1081,1091,1245,1262,1345,1484,1484,1597,1798,1845,1971,1971,2210,2379,2521,2660,2726,2825,2974,3213,3411,3513,3732,3850,4031,4138,4291,4493,4673,4778,4863,5069,5212,5364,5503,5662,5847,5938,6096,6192,6317,6472,6625,6625,6943,7026,7130,7252,7364,7493,7624,7689,7800,8024,8140,8353,8672,8800,8940,9062,9105,9250,9367,9526,9621,9723,9845,9933,10065,10153,10260,10430,10565,10694,10838,10990,11192,11408,11619,11809,11982,12147,12276,12520,12776,13063,13256,13507,13727,14017,14251,14549,14773,15028,15291,15514,15841,16138,16456,16736,16971,17215,17517,17828,18163,18475,18788,19042,19502,19791,20136,20388,20600,20796,21016,21130,21340,21566,21773,21965,22115,22315,22444,22643,22816,22987,23160,23302,23408,23500,23579,23749,23951,24095,24302,24396,24542,24606,24732,24920,25042,25178,25283,25352,25460,25612,25812,25902,26048,26107,26144,26181,26268,26429,26563,26661,26761,26842,26923,27041,27199,27350,27512,27579,27683
New York,Democratic,0,0,0,0,0,0,0,0,0,0,0,0,0,0,0,0,0,0,0,0,0,0,0,0,0,0,0,0,0,0,0,0,0,0,0,0,0,0,0,0,0,1,10,21,24,76,105,138,152,216,296,379,557,633,961,1407,2507,4221,7660,10410,15191,20884,25681,30841,37397,44701,52400,59648,66663,75853,83948,92506,102987,113833,123160,131815,139875,151061,161779,172348,181026,189033,195749,203020,214454,223691,230597,237403,243551,248631,253496,258427,263460,271590,282143,288045,291996,295106,299691,304372,308314,312977,316415,318953,321192,323978,327469,330407,333122,335395,337055,338485,340661,343051,345813,348232,350121,351371,352845,354370,356458,358154,359926,361515,362764,363836,364965,366733,368284,369660,370770,371711,373040,374085,375133,376208,377316,378097,378799,379482,380156,380892,381714,382630,383324,383944,384575,385142,385760,386556,387272,387936,388488,389085,389666,390415,391220,391923,392539,392930,393454,394079,394954,395872,396598,397131,397649,398237,398929,399513,400299,401029,401706,402263,403175,404006,404775,405551,406305,406807,407326,408181,408886,409697,410450,411200,411736,412344,412878,413593,414370,415014,415767,416298,416843,417589,418225,418928,419642,420345,420860,421336,422003,422703,423440,424167,424901,425508,425916,426571,427202,427803,428512,429165,429737,430145,430774,431340,432131,432767,433402,434100,434756,435510,436218,437107,437971,438772,439501,440021,440578,441154,441911,442791,443640,444365,444948,445714,446366,447262,448052,449038,449900,450473
North Carolina,Democratic,0,0,0,0,0,0,0,0,0,0,0,0,0,0,0,0,0,0,0,0,0,0,0,0,0,0,0,0,0,0,0,0,0,0,0,0,0,0,0,0,0,1,1,1,2,2,2,2,7,7,15,17,25,32,39,64,92,136,189,256,305,353,495,590,738,887,1020,1191,1313,1535,1675,1977,2251,2486,2649,2962,3299,3499,3736,3965,4354,4570,4886,5113,5340,5639,6045,6328,6601,6895,7134,7495,7820,8290,8768,8997,9321,9755,10180,10754,11070,11588,11770,11971,12510,13053,13540,14006,14478,14938,15274,15622,16352,16968,17494,18130,18673,19207,19239,20262,20512,22110,22864,23365,24057,24455,24916,25800,26885,27794,28785,29592,30023,31276,32075,33295,34718,35625,36517,37227,38473,39584,41417,42845,44264,45114,45907,46934,48167,49785,51390,52801,53964,54639,56527,57472,59158,60812,62248,63736,65327,66751,68216,70262,71670,72992,74775,76290,77687,79656,82032,83906,85771,87669,90000,91837,93708,95570,98092,99803,101231,103216,105276,107125,109728,111421,112937,114916,116700,118387,120532,122298,124006,125330,127630,128715,129733,131802,133337,134948,136346,137562,138743,139739,140824,142170,143704,144952,145516,146779,147925,149904,151910,153640,155113,156396,157741,158985,161076,162491,165076,166127,167309,169424,170553,172201,174253,175815,176901,177919,178635,179536,180754,182286,183738,184936,185780,186887,188024,189576,190973,192247,193547,194355
North Dakota,Republican,0,0,0,0,0,0,0,0,0,0,0,0,0,0,0,0,0,0,0,0,0,0,0,0,0,0,0,0,0,0,0,0,0,0,0,0,0,0,0,0,0,0,0,0,0,0,0,0,0,0,1,1,1,1,1,3,6,19,26,28,28,30,36,45,51,68,94,98,109,122,142,159,173,186,207,225,237,251,269,278,293,308,331,341,365,393,393,528,585,627,644,679,709,748,803,867,942,991,1033,1067,1107,1153,1191,1225,1266,1323,1371,1425,1464,1491,1518,1571,1647,1712,1761,1848,1900,1931,1994,2095,2229,2317,2365,2418,2457,2422,2439,2481,2520,2554,2577,2625,2646,2679,2706,2745,2816,2861,2880,2901,2941,2980,3016,3058,3080,3101,3124,3166,3193,3226,3251,3288,3313,3320,3362,3393,3421,3458,3495,3539,3576,3615,3657,3722,3779,3816,3849,3898,3971,4071,4155,4243,4334,4442,4493,4565,4668,4792,4907,5019,5126,5207,5367,5493,5614,5736,5876,5986,6141,6227,6301,6469,6602,6660,6785,6933,7057,7177,7327,7508,7596,7713,7885,7970,8171,8322,8444,8587,8647,8782,8968,9242,9474,9736,9876,10000,10229,10467,10800,11110,11484,11702,11816,12000,12267,12629,12973,13334,13631,13801,13872,14110,14443,14684,15151,15577,15831,16064,16333,16723,17230,17607,17958,18244
Ohio,Republican,0,0,0,0,0,0,0,0,0,0,0,0,0,0,0,0,0,0,0,0,0,0,0,0,0,0,0,0,0,0,0,0,0,0,0,0,0,0,0,0,0,0,0,0,0,0,0,0,3,4,5,12,26,30,50,67,89,119,173,247,356,443,567,704,868,1137,1406,1653,1933,2199,2547,2901,3312,3739,4043,4453,4782,5148,5512,5878,6250,6604,6975,7285,7794,8414,9107,10222,11602,12919,13725,14117,14694,15169,15587,15972,16325,16769,17303,18027,18743,19335,19914,20474,20969,21576,22131,23016,23697,24081,24777,25250,25721,26357,26954,27474,27923,28454,28952,29436,30167,30794,31408,31911,32477,33006,33439,33915,34566,35033,35513,35984,36350,36792,37282,37758,38111,38476,38837,39162,39575,40004,40424,40851,41148,41576,42010,42422,43122,43731,44261,44808,45537,46127,46759,47651,48638,49455,50309,51046,51789,52865,54166,55257,56183,57150,57956,58904,60181,61331,62856,64214,65592,66853,67995,69311,70601,72280,73821,74932,76168,77215,78742,80186,81746,83184,84073,85177,86497,87893,89626,91159,92087,93031,93963,95106,96305,97471,98675,99969,100848,101731,102826,104248,105426,106557,107674,108287,109062,109910,110881,112003,113046,114165,114802,115651,116495,117584,118828,120124,121320,122260,123155,124606,125767,127112,128444,129785,130558,131336,131992,132965,134086,135326,136568,137405,138484,139485,140518,141585,142596,143547,144309,145165
Oklahoma,Republican,0,0,0,0,0,0,0,0,0,0,0,0,0,0,0,0,0,0,0,0,0,0,0,0,0,0,0,0,0,0,0,0,0,0,0,0,0,0,0,0,0,0,0,0,0,1,1,1,2,2,3,3,4,4,10,17,17,44,49,53,67,81,106,164,248,322,377,429,481,568,721,881,990,1161,1254,1329,1474,1526,1686,1794,1868,1970,2069,2184,2263,2357,2465,2465,2567,2680,2807,2894,3017,3121,3194,3254,3281,3410,3473,3618,3748,3851,3972,4044,4127,4202,4330,4424,4490,4589,4613,4732,4858,4963,5087,5237,5310,5398,5489,5532,5680,5849,5960,6037,6090,6138,6229,6273,6338,6418,6418,6573,6692,6805,6907,7007,7059,7150,7205,7363,7483,7626,7849,8073,8231,8417,8645,8904,9355,9707,10038,10516,10734,11031,11510,11948,12347,12646,12947,13175,13757,14119,14531,15069,15648,15931,16362,17220,17894,18497,19092,19779,20235,20746,21740,22814,23440,24140,25057,25266,25436,26326,27298,27969,29116,30081,31285,32685,33775,34623,35740,36487,37731,38225,38602,39463,40564,41401,42255,43080,43566,43963,44728,45398,46103,46897,47798,48342,48711,49312,49923,50669,51746,52599,53165,53522,54172,54838,55550,56260,57353,58119,58733,59398,60118,61027,62040,63187,63607,64220,65053,65929,66700,67642,68659,69354,70223,71314,72284,73318,74567,75804,76807,77908
Oregon,Democratic,0,0,0,0,0,0,0,0,0,0,0,0,0,0,0,0,0,0,0,0,0,0,0,0,0,0,0,0,0,0,0,0,0,0,0,0,0,0,1,1,3,3,3,3,3,6,14,14,14,19,24,30,36,36,39,66,75,88,114,137,161,191,210,266,316,416,479,548,606,690,736,826,899,899,1068,1068,1132,1181,1321,1322,1371,1527,1584,1633,1663,1736,1785,1844,1910,1957,2004,2059,2127,2177,2253,2311,2354,2385,2446,2510,2579,2635,2680,2759,2839,2916,2989,3068,3160,3228,3286,3358,3416,3479,3541,3612,3623,3687,3726,3801,3817,3864,3888,3927,3949,3967,4038,4086,4131,4185,4243,4302,4335,4399,4474,4570,4570,4662,4922,4988,5060,5237,5377,5377,5636,5820,6098,6218,6366,6572,6750,6937,7083,7274,7444,7568,7818,8094,8341,8485,8656,8931,9294,9636,9930,10230,10395,10605,10817,11188,11454,11851,12170,12438,12805,13081,13509,13802,14149,14579,14847,15139,15393,15713,16104,16492,16758,17088,17408,17721,18131,18492,18817,19097,19366,19699,19978,20224,20635,21010,21272,21488,21774,22022,22300,22613,23018,23262,23451,23676,23870,24165,24421,24710,24937,25155,25391,25571,25761,26054,26293,26554,26713,26946,27075,27336,27601,27856,28044,28190,28356,28471,28654,28865,29156,29337,29337,29662,29850,30060,30342,30599,30801,30995
Pennsylvania,Democratic,0,0,0,0,0,0,0,0,0,0,0,0,0,0,0,0,0,0,0,0,0,0,0,0,0,0,0,0,0,0,0,0,0,0,0,0,0,0,0,0,0,0,0,0,2,2,6,7,12,16,22,41,47,47,79,112,155,206,311,399,509,698,946,1260,1795,2345,2845,3432,4155,4963,6009,7268,8570,10444,11589,13127,14853,16631,18300,20051,21719,22938,24292,25465,26753,28258,29888,31652,32902,33914,35249,36082,38379,40208,41153,42616,43558,45137,46327,47971,49579,50494,51225,52816,53864,54800,55956,57371,58560,59939,60459,61310,62101,63105,64136,65185,65700,66669,67311,68126,69252,70211,71009,71563,71925,72778,73557,74220,74984,75697,76129,76646,77225,77780,78335,78815,79505,79908,80339,80870,81316,81848,82481,82944,83203,83589,83978,84289,84683,85199,85590,85935,86576,87208,87685,88141,88860,89446,89863,90467,91139,91775,92612,93392,93922,94403,95100,95898,96725,97542,98482,99216,99794,100330,101266,102269,103075,104079,104780,105384,106405,107460,108223,109105,110292,111115,111745,112995,114083,114939,115807,116787,117468,118033,118894,119724,120446,121247,122028,122665,123312,124221,125016,125918,126905,127732,128531,129070,129647,130247,130905,131692,132417,133160,133679,134204,134760,135279,135912,136781,137576,138134,138795,139548,140532,141570,142495,143280,143824,144540,145156,146029,146696,147703,148635,149184,150000,151044,151850,152775,153522,154236,154867,155693
Rhode Island,Democratic,0,0,0,0,0,0,0,0,0,0,0,0,0,0,0,0,0,0,0,0,0,0,0,0,0,0,0,0,0,0,0,0,0,0,0,0,0,0,0,1,2,2,2,2,2,3,3,3,3,5,3,12,20,20,21,23,33,44,54,66,83,106,124,132,165,203,239,294,408,488,566,645,711,806,922,1082,1229,1450,1727,1727,2349,2665,2665,3251,3251,3529,4177,4491,4706,5090,5500,5841,6256,6699,7129,7439,7708,7927,8247,8621,8962,9289,9477,9652,9933,10205,10530,10779,10989,11274,11450,11614,11835,12016,12219,12434,12674,12795,12951,13356,13571,13736,13952,14065,14065,14210,14353,14494,14635,14819,14928,14991,15112,15219,15325,15441,15441,15441,15642,15691,15756,15862,15947,15947,15947,16093,16164,16213,16269,16337,16337,16337,16459,16533,16606,16640,16661,16661,16661,16764,16813,16853,16941,16991,16991,16991,16991,17154,17204,17243,17312,17312,17312,17487,17588,17640,17711,17793,17793,17793,17904,17986,18062,18148,18224,18224,18224,18515,18725,18800,18950,19022,19022,19022,19246,19390,19481,19611,19738,19738,19738,19934,20053,20129,20240,20335,20335,20335,20572,20692,20795,20871,21022,21022,21022,21302,21372,21454,21589,21683,21683,21683,21949,22002,22078,22143,22243,22243,22243,22243,22592,22676,22782,22905,22905,22905,23130,23250,23358,23488,23620,23620,23620,23932
South Carolina,Republican,0,0,0,0,0,0,0,0,0,0,0,0,0,0,0,0,0,0,0,0,0,0,0,0,0,0,0,0,0,0,0,0,0,0,0,0,0,0,0,0,0,0,0,0,0,2,2,3,7,10,7,8,19,19,30,47,60,80,126,174,196,298,342,424,424,542,660,774,925,1083,1293,1554,1700,1917,2049,2232,2417,2417,2793,3067,3211,3320,3391,3553,3656,3931,4099,4248,4377,4446,4439,4761,4917,5070,5253,5498,5613,5735,5882,6095,6258,6489,6626,6757,6841,6936,7142,7367,7531,7653,7792,7927,8030,8189,8407,8661,8816,8942,9056,9175,9381,9638,9895,10096,10178,10416,10623,10788,11131,11394,11861,12148,12419,12470,12526,13458,13538,14302,14800,15228,15759,16441,17170,17955,18795,19378,19990,20556,21533,22608,23756,24661,25666,26572,27897,29022,30335,31939,33320,34644,36399,37919,39701,41532,43386,44847,46380,47352,48909,50691,52419,54699,56648,58168,60389,62245,64083,66060,67612,69986,71445,73337,75042,76606,78607,80008,81199,82417,84109,85846,87572,89016,90599,91788,92951,94190,95472,96797,98219,99460,100435,101159,102130,102974,103909,104841,105882,106497,106953,107672,108411,109320,110378,111295,111988,112551,113488,114093,114598,115951,117249,118324,118992,119846,120503,121696,123325,124289,124952,125607,125908,126213,126592,129046,129978,131864,132680,133470,134122,135446,136318,137240,137708,138124
South Dakota,Republican,0,0,0,0,0,0,0,0,0,0,0,0,0,0,0,0,0,0,0,0,0,0,0,0,0,0,0,0,0,0,0,0,0,0,0,0,0,0,0,0,0,0,0,0,0,0,0,0,0,8,7,8,8,8,10,11,11,14,14,14,21,28,30,41,46,58,68,90,101,108,129,165,187,212,240,288,320,393,447,536,626,730,868,988,1168,1311,1411,1542,1635,1685,1755,1858,1956,2040,2147,2212,2244,2313,2373,2449,2525,2588,2631,2668,2721,2780,2906,3145,3393,3517,3614,3663,3732,3792,3887,3959,3987,4027,4085,4177,4177,4356,4464,4563,4586,4653,4710,4793,4866,4960,4993,5034,5067,5162,5247,5277,5367,5438,5471,5523,5604,5665,5742,5833,5898,5928,5966,6050,6109,6158,6225,6297,6326,6353,6419,6479,6535,6626,6681,6716,6764,6826,6893,6978,7028,7063,7105,7163,7242,7336,7401,7454,7499,7524,7572,7652,7694,7789,7862,7906,7943,8019,8077,8143,8200,8305,8395,8444,8492,8641,8685,8764,8867,8955,9020,9079,9168,9273,9371,9477,9605,9663,9713,9815,9897,10024,10118,10274,10360,10441,10566,10691,10884,11135,11276,11425,11505,11571,12194,12517,12942,13322,13509,13749,14003,14337,14596,14889,15109,15300,15403,15571,15834,16117,16437,16638,16801,16994,17291,17686,18075,18444,18696,18869
Tennessee,Republican,0,0,0,0,0,0,0,0,0,0,0,0,0,0,0,0,0,0,0,0,0,0,0,0,0,0,0,0,0,0,0,0,0,0,0,0,0,0,0,0,0,0,0,1,1,1,3,3,3,9,18,26,32,32,52,74,100,154,223,304,393,614,772,916,1097,1318,1511,1720,1917,2391,2933,3013,3067,3322,3633,3802,4139,4363,4634,4891,5132,5508,5610,5827,5827,6166,6263,6589,7070,7238,7394,7394,8266,8728,9189,9667,9918,10052,10366,10735,11891,12661,13177,13571,13690,13938,14096,14441,14768,14985,15544,16111,16370,16699,16960,17263,17359,18011,18412,18412,18961,19394,19785,20111,20535,20895,21285,21679,22063,22566,22566,22566,24342,24833,25190,25664,26177,26493,27005,27575,27930,28340,29118,29549,30343,31004,31751,32114,32770,34017,34446,35102,35553,36303,37235,38034,39444,40172,40172,42297,43509,45315,46890,48712,50140,51316,52039,53514,55986,57591,59546,61006,61960,65274,66788,69061,71540,73819,76336,78115,79754,81944,84417,86987,89078,90796,93936,96489,99044,100822,102871,105959,108184,109627,110636,112441,114098,116350,118782,120585,122712,123914,124915,126393,128511,130458,131747,133708,134744,135770,137800,139175,140844,142083,143937,144604,145417,147353,149179,150815,152280,153115,154933,156329,157831,159546,160597,162362,164126,165109,165754,166606,168237,169859,170891,171824,174274,175231,177087,178140,180497,181439,183514,184409
Texas,Republican,0,0,0,0,0,0,0,0,0,0,0,0,0,0,0,0,0,0,0,0,0,0,0,0,0,0,0,0,0,0,0,0,0,0,0,0,0,0,0,0,0,0,0,3,4,8,11,13,16,21,27,44,60,63,85,110,196,306,429,582,643,758,955,1229,1563,1937,2455,2792,3147,3809,4355,5069,5734,6567,7209,8043,8925,9777,11208,12105,13023,13677,14275,15006,15907,16876,17849,18704,19260,19751,20664,21321,22650,23642,24153,24967,25412,26357,27369,28727,29692,30917,31998,32783,33912,34928,36036,37246,38394,39258,40555,41668,43020,44480,45721,47452,48396,49177,50552,51859,53053,53539,54776,55861,56409,57230,58542,60395,60901,62894,64652,65593,67310,68877,70555,72548,74470,75408,76463,78208,80777,82658,84927,86915,88523,90211,93569,97699,101259,105394,109581,112944,117790,122932,128132,134558,140173,145894,150722,156706,163060,172368,179137,186799,193958,197421,205642,216026,224929,236541,245920,254415,262762,269778,279577,290892,305854,317768,327106,335257,343783,351071,363615,373037,380364,390286,394084,400336,408493,418995,428229,438293,444738,448145,456624,466032,476999,483920,491304,497632,503328,509581,517700,523977,530857,539673,546552,555394,561110,568812,574633,579892,585562,589279,594035,598262,604328,610648,614549,619354,626751,629570,632739,637721,641855,645422,651350,655815,658202,659041,662427,667500,669141,674943,677625,681885,685748,692753,696807,701350,704563,707940,713007,734778
Utah,Republican,0,0,0,0,0,0,0,0,0,0,0,0,0,0,0,0,0,0,0,0,0,0,0,0,0,0,0,0,0,0,0,0,0,0,0,0,0,0,0,0,0,0,0,0,0,1,1,1,2,3,3,9,10,18,28,39,47,62,95,118,162,257,298,340,396,472,602,720,798,888,888,1086,1248,1428,1601,1678,1739,1848,1856,2103,2207,2303,2363,2417,2548,2683,2793,2917,3069,3213,3297,3445,3612,3782,3948,4123,4236,4345,4497,4672,4828,4985,5175,5317,5449,5595,5724,5919,6103,6251,6362,6432,6620,6749,6913,7068,7238,7384,7518,7710,7874,8057,8260,8392,8521,8620,8706,8921,9264,9533,9797,9999,10202,10497,10813,11252,11798,12066,12322,12559,12864,13252,13577,13981,14313,14608,14937,15344,15839,16425,17068,17462,17906,18300,18784,19374,20050,20628,21100,21664,22217,22716,23270,23866,24542,24952,25469,26033,26755,27356,28223,28855,29484,30030,30478,30891,31845,32572,33332,34117,34526,35012,35578,36099,36962,37623,37973,38409,38855,39194,39696,40196,40702,41175,41529,41907,42328,42915,43375,43751,44127,44390,44752,45090,45424,45976,46321,46652,46894,47157,47521,47982,48445,48814,49115,49364,49767,50174,50557,50948,51406,51854,52107,52403,52822,53326,53839,54272,54660,55033,55359,55673,56019,56675,57247,57875,58438,59000,59747,60658,61775,62852,63772,64394
Vermont,Republican,0,0,0,0,0,0,0,0,0,0,0,0,0,0,0,0,0,0,0,0,0,0,0,0,0,0,0,0,0,0,0,0,0,0,0,0,0,0,0,0,0,0,0,0,0,0,1,1,1,1,2,2,5,5,12,12,13,22,29,49,52,75,95,125,158,184,211,235,256,293,321,338,389,461,512,543,575,605,628,679,711,727,748,752,759,774,779,803,813,816,818,823,825,827,843,851,855,862,862,866,879,886,897,902,907,908,916,919,921,927,926,927,929,932,933,934,940,940,944,944,950,952,954,956,962,967,971,974,975,977,981,983,988,990,1026,1027,1046,1063,1075,1084,1095,1110,1119,1125,1127,1128,1131,1130,1135,1144,1147,1159,1163,1164,1184,1191,1198,1200,1202,1208,1208,1210,1227,1236,1238,1249,1251,1254,1256,1272,1277,1283,1296,1301,1305,1318,1325,1334,1338,1350,1360,1366,1366,1377,1385,1396,1400,1402,1405,1406,1407,1414,1421,1426,1427,1431,1436,1445,1448,1454,1459,1462,1472,1478,1484,1501,1509,1515,1527,1530,1533,1537,1541,1553,1557,1566,1572,1577,1586,1589,1605,1616,1624,1635,1637,1637,1642,1647,1648,1651,1654,1656,1661,1668,1677,1684,1696,1702,1702,1705,1706,1710,1715,1719
Virginia,Democratic,0,0,0,0,0,0,0,0,0,0,0,0,0,0,0,0,0,0,0,0,0,0,0,0,0,0,0,0,0,0,0,0,0,0,0,0,0,0,0,0,0,0,0,0,0,0,2,2,8,9,12,27,37,37,49,67,79,103,123,157,220,254,293,396,466,607,740,890,1020,1249,1483,1706,2012,2407,2640,2878,3335,3645,4042,4509,5077,5274,5747,6182,6500,6889,7491,8053,8542,8990,9630,10266,10998,11594,12366,12970,13538,14339,14962,15847,16902,17738,18672,19493,20257,20985,21570,22342,23196,24081,25070,25800,26746,27813,28672,29683,30388,31140,32145,32908,34137,34950,35749,36244,37727,39342,40249,41401,42533,43611,44607,45398,46239,46905,47856,48532,49397,50681,51251,51738,52177,52647,53211,53869,54506,54886,55331,55775,56238,56793,57443,57994,58465,58994,59514,59946,60570,61247,61736,62189,62787,63203,63735,64393,65109,65748,66102,66740,67375,67988,68931,69782,70670,71642,72443,73527,74431,75433,76373,77430,78375,79371,80393,81237,82364,83609,84567,86072,86994,87993,88904,89888,90801,91782,93106,94251,95049,95867,97882,99189,100086,100749,101745,102521,103622,104838,105750,106687,107421,108282,109019,109879,110857,112068,112960,113623,114626,115448,116569,117578,118794,119729,120575,121593,122518,123637,124738,125681,126877,127516,128350,129229,130460,131571,132868,133742,134493,135428,136269,137367,138605,139546,140395,141022
Washington,Democratic,1,1,1,1,1,1,1,1,1,1,1,1,1,1,1,1,1,1,1,1,1,1,1,1,1,1,1,1,1,1,1,1,1,1,1,1,1,1,7,11,18,27,39,70,78,102,122,122,167,282,442,568,642,603,779,955,1022,1374,1524,1793,1997,2221,2328,2591,3207,3477,4030,4465,4923,5432,5608,6389,6846,7247,7825,8311,8692,9276,9639,10119,10434,10609,10635,10799,10942,11057,11517,11776,11978,12114,12392,12596,12753,12977,13319,13521,13686,13842,14070,14327,14637,15003,15185,15462,15594,15905,16231,16388,16674,16891,17122,17330,17512,17773,17951,18288,18433,18611,18811,18971,19117,19265,19265,19828,20065,20181,20406,20764,21071,21349,21702,21977,22157,22484,22729,22993,23442,23729,24041,24354,24354,24779,25171,25538,25834,26158,26531,26784,27192,27601,28225,28680,28870,29386,29869,30367,30855,31404,31752,32253,32824,33435,34151,34778,35247,35898,36985,37420,37941,38581,39218,39218,40656,41757,42304,43046,44313,45067,46026,46946,47743,48575,49247,50009,50824,51849,52635,53321,54205,54985,55803,55803,57541,58173,58715,59379,60084,60917,61587,62523,63072,63647,64151,64702,65339,66139,66885,67461,67721,68263,68689,69389,69779,70595,71012,71371,71705,72161,72703,73301,73879,74320,74635,74939,75377,75856,76335,76836,77235,77545,77545,78009,78467,79011,79476,79826,80138,80465,80812,81198,81602,82199,82548,82730
West Virginia,Republican,0,0,0,0,0,0,0,0,0,0,0,0,0,0,0,0,0,0,0,0,0,0,0,0,0,0,0,0,0,0,0,0,0,0,0,0,0,0,0,0,0,0,0,0,0,0,0,0,0,0,0,0,0,0,0,0,1,2,8,12,16,16,22,39,52,76,96,113,145,162,191,216,237,282,324,345,412,483,514,574,577,593,611,640,702,728,775,785,890,902,908,939,981,1010,1010,1055,1063,1095,1110,1125,1152,1185,1195,1224,1246,1242,1287,1323,1323,1360,1366,1378,1398,1427,1447,1470,1492,1502,1502,1567,1593,1705,1705,1759,1774,1774,1899,1935,1951,1989,2010,2028,2056,2077,2102,2119,2136,2144,2161,2169,2194,2217,2249,2274,2290,2322,2341,2376,2418,2468,2500,2533,2552,2593,2631,2694,2730,2782,2832,2870,2905,2979,3053,3126,3205,3262,3442,3505,3707,3826,3983,4146,4244,4313,4407,4557,4657,4783,4894,4990,5084,5172,5212,5452,5653,5775,5889,5999,6120,6277,6375,6579,6738,6858,6978,7059,7162,7278,7452,7563,7695,7757,7879,8018,8163,8277,8462,8567,8641,8738,8807,8987,9077,9185,9273,9315,9399,9544,9633,9826,9970,10109,10249,10513,10658,10855,11042,11293,11418,11575,11662,11814,12016,12177,12528,12705,12830,12986,13202,13434,13685,13889,14062,14181
Wisconsin,Democratic,0,0,0,0,0,0,0,0,0,0,0,0,0,0,0,0,0,0,0,0,0,0,0,0,0,0,0,0,0,0,0,0,0,0,0,0,0,0,0,0,0,0,0,0,0,0,0,0,3,4,8,19,27,28,48,73,111,159,219,282,381,425,481,621,728,926,1055,1164,1230,1412,1556,1748,2012,2030,2320,2449,2578,2710,2886,3068,3213,3341,3428,3555,3721,3875,4053,4199,4346,4499,4625,4845,5052,5356,5687,5912,6081,6289,6520,6854,7314,7660,7964,8236,8566,8901,9215,9590,9939,10219,10418,10611,10902,11275,11685,12187,12543,12687,12885,13413,13885,14396,14877,15277,15584,15863,16462,16974,17707,18230,18403,18543,18917,19400,19892,20249,20571,20835,21038,21308,21593,21926,22246,22518,22758,22932,23198,23456,23876,24154,24539,24819,25068,25331,25763,26227,26747,27286,27743,28058,28659,29199,29738,30317,31055,31577,32061,32556,33154,33908,34753,35679,36448,36942,37906,38727,39627,40507,41485,42315,43018,44135,44847,45899,46917,47870,48827,49417,50179,51049,52108,52940,54002,54924,55328,56056,56940,57779,58768,59933,60554,61061,61785,62263,63206,64227,65056,65741,66196,66196,67493,68233,69059,70009,70462,70854,71492,72260,73138,73981,74800,75337,75603,76584,77129,77856,79354,80300,81193,81760,82477,83334,84881,86250,87603,89185,89956,91062,92159,93819,97279,99562,101227,102498
Wyoming,Republican,0,0,0,0,0,0,0,0,0,0,0,0,0,0,0,0,0,0,0,0,0,0,0,0,0,0,0,0,0,0,0,0,0,0,0,0,0,0,0,0,0,0,0,0,0,0,0,0,0,0,1,1,2,2,2,11,16,18,21,23,26,26,29,44,53,70,82,86,94,109,130,150,162,187,197,210,216,221,230,239,261,270,275,282,287,296,305,309,313,317,443,447,453,473,491,502,520,536,545,559,566,579,586,596,604,631,635,644,653,662,669,675,688,701,716,741,754,766,776,787,801,803,813,838,843,850,860,876,891,898,903,910,912,915,921,933,939,947,960,970,980,1009,1027,1050,1060,1079,1089,1114,1144,1173,1179,1197,1230,1254,1282,1326,1368,1392,1417,1450,1487,1514,1550,1582,1606,1634,1675,1709,1740,1769,1790,1839,1862,1903,1950,1985,2026,2069,2108,2126,2187,2238,2288,2347,2405,2446,2475,2520,2589,2628,2686,2726,2769,2808,2848,2884,2923,2953,3000,3015,3050,3042,3073,3086,3119,3183,3227,3286,3331,3360,3431,3457,3524,3543,3578,3603,3632,3680,3733,3803,3795,3829,3850,3874,3911,3941,3990,3990,4032,4032,4105,4152,4199,4264,4297,4346,4394,4440,4566,4652,4747,4781,4872,4944
